,Relative path,File name,Image X res,Image Y res,k space X res,k space Y res,Phases,Slices,Echos,Channels,Scan date,TE,TI,TR,Flip angle,Type,Patient ID,Relative scan date,Number of scan
0,datasets/Dataset_C2/12_channel/Test-phantom,e13970s4_P48128,256,256,256,218,1,170,1,12,2018-05-23,2568.0,650000.0,6344.0,8.0,healthy,test,0.0,1.0
1,datasets/Dataset_C2/12_channel/Test,e13992s4_P08704,256,256,256,218,1,170,1,12,2018-05-27,2568.0,650000.0,6344.0,8.0,healthy,NORM469,0.0,1.0
2,datasets/Dataset_C2/12_channel/Test,e13993s4_P16896,256,256,256,218,1,170,1,12,2018-05-27,2568.0,650000.0,6344.0,8.0,healthy,NORM316,0.0,1.0
3,datasets/Dataset_C2/12_channel/Test,e13991s3_P01536,256,256,256,218,1,170,1,12,2018-05-27,2568.0,650000.0,6344.0,8.0,healthy,NORM306,0.0,1.0
4,datasets/Dataset_C2/12_channel/Test,e14079s3_P09216,256,256,256,218,1,170,1,12,2018-06-10,2568.0,650000.0,6344.0,8.0,healthy,NORM339,0.0,1.0
5,datasets/Dataset_C2/12_channel/Test,e14078s3_P02048,256,256,256,218,1,170,1,12,2018-06-10,2568.0,650000.0,6344.0,8.0,healthy,NORM330,0.0,1.0
7,datasets/Dataset_C2/12_channel/Test,e14080s3_P18944,256,256,256,218,1,170,1,12,2018-06-10,2568.0,650000.0,6344.0,8.0,healthy,NORM313,0.0,1.0
8,datasets/Dataset_C2/12_channel/Test,e14091s3_P67584,256,256,256,218,1,170,1,12,2018-06-11,2568.0,650000.0,6344.0,8.0,healthy,NORM470,0.0,1.0
15,datasets/Dataset_C2/12_channel/Test,e14155s3_P69120,256,256,256,218,1,170,1,12,2018-06-20,2568.0,650000.0,6344.0,8.0,healthy,NORM338,0.0,1.0
47,datasets/Dataset_C2/12_channel/Test,e14553s5_P44544,256,256,256,218,1,170,1,12,2018-08-17,2568.0,650000.0,6344.0,8.0,healthy,NORM490,0.0,1.0
50,datasets/Dataset_C2/12_channel/Test,e14618s3_P51200,256,256,256,218,1,170,1,12,2018-08-29,2568.0,650000.0,6344.0,8.0,healthy,NORM495,0.0,1.0
51,datasets/Dataset_C2/12_channel/Test,e14654s3_P55296,256,256,256,218,1,170,1,12,2018-09-04,2568.0,650000.0,6344.0,8.0,healthy,NORM324,0.0,1.0
52,datasets/Dataset_C2/12_channel/Test,e14655s3_P61952,256,256,256,218,1,170,1,12,2018-09-04,2568.0,650000.0,6344.0,8.0,healthy,NORM314,0.0,1.0
55,datasets/Dataset_C2/12_channel/Test,e14736s3_P55296,256,256,256,218,1,170,1,12,2018-09-17,2568.0,650000.0,6344.0,8.0,healthy,NORM327,0.0,1.0
56,datasets/Dataset_C2/12_channel/Test,e14742s3_P32768,256,256,256,218,1,170,1,12,2018-09-18,2568.0,650000.0,6344.0,8.0,healthy,NORM496,0.0,1.0
57,datasets/Dataset_C2/12_channel/Test,e14781s3_P18944,256,256,256,218,1,170,1,12,2018-09-24,2568.0,650000.0,6344.0,8.0,healthy,NORM497,0.0,1.0
58,datasets/Dataset_C2/12_channel/Test,e14939s3_P44032,256,256,256,218,1,170,1,12,2018-10-17,2568.0,650000.0,6344.0,8.0,healthy,NORM472,0.0,1.0
59,datasets/Dataset_C2/12_channel/Test,e15046s3_P59392,256,256,256,218,1,170,1,12,2018-10-31,2568.0,650000.0,6344.0,8.0,healthy,NORM340,0.0,1.0
66,datasets/Dataset_C2/12_channel/Test,e15272s3_P07680,256,256,256,218,1,170,1,12,2018-12-09,2568.0,650000.0,6344.0,8.0,healthy,NORM357,0.0,1.0
67,datasets/Dataset_C2/12_channel/Test,e15275s3_P27648,256,256,256,218,1,170,1,12,2018-12-09,2568.0,650000.0,6344.0,8.0,healthy,NORM348,0.0,1.0
69,datasets/Dataset_C2/12_channel/Test,e15390s3_P12288,256,256,256,218,1,170,1,12,2019-01-04,2568.0,650000.0,6344.0,8.0,healthy,Norm354,0.0,1.0
71,datasets/Dataset_C2/12_channel/Test,e15469s3_P42496,256,256,256,218,1,170,1,12,2019-01-15,2568.0,650000.0,6344.0,8.0,healthy,NORM382,0.0,1.0
72,datasets/Dataset_C2/12_channel/Test,e15491s3_P01536,256,256,256,218,1,170,1,12,2019-01-20,2568.0,650000.0,6344.0,8.0,healthy,NORM377,0.0,1.0
73,datasets/Dataset_C2/12_channel/Test,e15493s3_P16896,256,256,256,218,1,170,1,12,2019-01-20,2568.0,650000.0,6344.0,8.0,healthy,NORM365,0.0,1.0
85,datasets/Dataset_C2/12_channel/Test,e15768s13_P14848,256,256,256,218,1,170,1,12,2019-03-06,2568.0,650000.0,6344.0,8.0,healthy,NORM405,0.0,1.0
88,datasets/Dataset_C2/12_channel/Test,e15781s13_P96256,256,256,256,218,1,170,1,12,2019-03-07,2568.0,650000.0,6344.0,8.0,healthy,NORM613,0.0,1.0
90,datasets/Dataset_C2/12_channel/Test,e15791s4_P11264,256,256,256,218,1,170,1,12,2019-03-10,2568.0,650000.0,6344.0,8.0,healthy,Norm349,0.0,1.0
91,datasets/Dataset_C2/12_channel/Test,e15793s3_P25600,256,256,256,218,1,170,1,12,2019-03-10,2568.0,650000.0,6344.0,8.0,healthy,Norm344,0.0,1.0
106,datasets/Dataset_C2/32_channel/Test,e16214s13_P25088,256,256,256,218,1,170,1,32,2019-05-13,2568.0,650000.0,6344.0,8.0,healthy,NORM629,0.0,1.0
118,datasets/Dataset_C2/12_channel/Test,e16362s3_P07168,256,256,256,218,1,170,1,12,2019-06-04,2568.0,650000.0,6344.0,8.0,healthy,NORM336,0.0,1.0
139,datasets/Dataset_C2/12_channel/Test,e16650s13_P54272,256,256,256,218,1,170,1,12,2019-07-19,2568.0,650000.0,6344.0,8.0,healthy,NORM100,0.0,1.0
140,datasets/Dataset_C2/12_channel/Test,e16649s13_P44544,256,256,256,218,1,170,1,12,2019-07-19,2568.0,650000.0,6344.0,8.0,healthy,NORM100,0.0,1.0
